Country,Year,Medal,Participation_own_country,Soviet_past,AthletesNumber,Population,GDP_per_capita,Urban Population(%)
Afghanistan,2004,0,0,0,5,23553551.0,221.8305307203071,22.5
Afghanistan,2008,1,0,0,4,26427199.0,382.5338038154138,23.32
Afghanistan,2012,1,0,0,6,30466479.0,653.417479124437,24.16
Afghanistan,2016,0,0,0,3,34636207.0,523.0530121017523,25.02
Afghanistan,2020,0,0,0,5,38972230.0,512.0550982286875,26.026
Albania,2000,0,0,0,4,3089027.0,1126.6833401071665,41.741
Albania,2004,0,0,0,7,3026939.0,2373.5812917005464,45.651
Albania,2008,0,0,0,11,2947314.0,4370.539716394486,49.991
Albania,2012,0,0,0,9,2900401.0,4247.631343159445,54.33
Albania,2016,0,0,0,6,2876101.0,4124.055389862734,58.421
Albania,2020,0,0,0,9,2837849.0,5343.0377039955965,62.112
Algeria,2000,5,0,0,47,30774621.0,1780.376062806044,59.919
Algeria,2004,0,0,0,61,32510186.0,2624.79523151946,63.061
Algeria,2008,2,0,0,56,34569592.0,4946.56401720758,66.097
Algeria,2012,1,0,0,38,37260563.0,5610.73328198232,68.915
Algeria,2016,2,0,0,64,40339329.0,3967.2006474380873,71.459
Algeria,2020,0,0,0,41,43451666.0,3354.153163715932,73.733
American Samoa,2000,0,0,0,4,58230.0,,88.587
American Samoa,2004,0,0,0,3,57626.0,8832.818519418319,88.198
American Samoa,2008,0,0,0,4,55891.0,10019.502245442021,87.799
American Samoa,2012,0,0,0,4,53691.0,11920.061090313087,87.42
American Samoa,2016,0,0,0,4,50448.0,13300.82461148113,87.198
American Samoa,2020,0,0,0,6,46189.0,15609.77721968434,87.153
Andorra,2000,0,0,0,5,66097.0,21620.465101937305,92.395
Andorra,2004,0,0,0,6,76933.0,37630.76426395539,90.751
Andorra,2008,0,0,0,5,76055.0,53721.388506717245,89.004
Andorra,2012,0,0,0,6,71013.0,44902.38771225001,88.631
Andorra,2016,0,0,0,4,72540.0,39931.2362644858,88.248
Andorra,2020,0,0,0,2,77700.0,37207.238871190864,87.916
Angola,2000,0,0,0,30,16394062.0,556.8842435496834,50.087
Angola,2004,0,0,0,30,18771125.0,1254.69612612243,54.827
Angola,2008,0,0,0,32,21691522.0,4081.717497014041,58.282
Angola,2012,0,0,0,33,25188292.0,5083.826851101655,61.268
Angola,2016,0,0,0,26,29154746.0,1809.7093771945501,64.149
Angola,2020,0,0,0,20,33428486.0,1450.9051121848893,66.825
Antigua and Barbuda,2000,0,0,0,3,75055.0,11010.197460134168,32.127
Antigua and Barbuda,2004,0,0,0,5,78941.0,11650.848477085798,29.837
Antigua and Barbuda,2008,0,0,0,5,83251.0,16457.10406325894,27.405
Antigua and Barbuda,2012,0,0,0,4,87674.0,15136.841109193261,25.526
Antigua and Barbuda,2016,0,0,0,8,90564.0,16449.059147040658,24.846
Antigua and Barbuda,2020,0,0,0,6,92664.0,15224.858589056159,24.433
Argentina,2000,4,0,0,143,37070774.0,7666.5178342378285,89.142
Argentina,2004,6,0,0,152,38668796.0,4258.16026060876,89.86
Argentina,2008,6,0,0,132,40273769.0,8977.506850933643,90.53
Argentina,2012,4,0,0,137,41733271.0,13082.664325571988,91.121
Argentina,2016,4,0,0,215,43590368.0,12790.26413961348,91.627
Argentina,2020,2,0,0,189,45376763.0,8500.837938505332,92.111
Armenia,2000,1,0,1,25,3168523.0,603.2980252471135,64.666
Armenia,2004,0,0,1,18,3065745.0,1166.6382039002463,64.038
Armenia,2008,6,0,1,25,2983421.0,3908.9490601143116,63.64
Armenia,2012,3,0,1,24,2914421.0,3643.7154010856357,63.24
Armenia,2016,4,0,1,31,2865835.0,3679.952347403776,63.082
Armenia,2020,4,0,1,17,2805608.0,4505.867741756939,63.313
Aruba,2000,0,0,0,5,89101.0,21026.167090902236,46.717
Aruba,2004,0,0,0,4,93540.0,24105.524120771646,45.24
Aruba,2008,0,0,0,2,97996.0,29011.639056753236,43.783
Aruba,2012,0,0,0,4,102112.0,25611.1757666902,42.957
Aruba,2016,0,0,0,7,104874.0,28449.712946304422,43.192
Aruba,2020,0,0,0,3,106585.0,24008.127821747712,43.697
Australia,2000,58,1,0,617,19028802.0,21870.41596695935,84.235
Australia,2004,50,0,0,470,19932722.0,30836.730682468507,84.463
Australia,2008,46,0,0,432,21249199.0,49701.28178433361,84.943
Australia,2012,35,0,0,405,22733465.0,68078.0442283167,85.402
Australia,2016,29,0,0,420,24190907.0,49918.79393272522,85.8
Australia,2020,44,0,0,484,25649248.0,51868.247556782175,86.241
Austria,2000,3,0,0,92,8011566.0,24625.600722743344,60.213
Austria,2004,7,0,0,74,8171966.0,36889.23351351939,59.094
Austria,2008,3,0,0,70,8321496.0,51919.983575422615,57.966
Austria,2012,0,0,0,70,8429991.0,48564.917335087426,57.147
Austria,2016,1,0,0,71,8736668.0,45307.58786204294,57.905
Austria,2020,7,0,0,74,8916864.0,48789.497849887244,58.748
Azerbaijan,2000,3,0,1,31,8048600.0,655.0972495799169,51.386
Azerbaijan,2004,5,0,1,36,8306500.0,1045.0136328106,52.189
Azerbaijan,2008,7,0,1,44,8763400.0,5574.468104325753,52.99
Azerbaijan,2012,10,0,1,52,9295784.0,7495.865276580997,53.883
Azerbaijan,2016,18,0,1,56,9757812.0,3880.6852276837985,55.021
Azerbaijan,2020,7,0,1,44,10093121.0,4229.910649045028,56.397
Bahamas,2000,3,0,0,25,325014.0,24849.606478490157,82.007
Bahamas,2004,2,0,0,22,343089.0,26393.413953813735,82.176
Bahamas,2008,2,0,0,25,362795.0,29013.630287076725,82.343
Bahamas,2012,1,0,0,21,382061.0,28059.393657033823,82.532
Bahamas,2016,2,0,0,29,395976.0,29675.535891064104,82.832
Bahamas,2020,2,0,0,16,406471.0,23998.268019120675,83.245
Bahrain,2000,0,0,0,4,711442.0,12738.774118157502,88.372
Bahrain,2004,0,0,0,10,833451.0,15777.963640895625,88.399
Bahrain,2008,0,0,0,14,1110343.0,23155.82144915499,88.53
Bahrain,2012,1,0,0,12,1224939.0,25102.72634852699,88.762
Bahrain,2016,2,0,0,33,1409661.0,22867.181119613368,89.09
Bahrain,2020,1,0,0,30,1477469.0,23433.18723625741,89.506
Bangladesh,2000,0,0,0,5,129193327.0,413.1001852644022,23.59
Bangladesh,2004,0,0,0,4,138789725.0,469.1164583692525,26.114
Bangladesh,2008,0,0,0,5,145421318.0,630.1089792029234,28.968
Bangladesh,2012,0,0,0,5,152090649.0,876.8180104414243,31.993
Bangladesh,2016,0,0,0,7,159784568.0,1659.9624960567344,35.083
Bangladesh,2020,0,0,0,6,167420951.0,2233.305901297622,38.177
Barbados,2000,1,0,0,18,264657.0,11560.2459031879,33.827
Barbados,2004,0,0,0,10,268505.0,12828.438948995363,33.037
Barbados,2008,0,0,0,8,272635.0,17551.855044289983,32.256
Barbados,2012,0,0,0,6,276197.0,16704.92438368266,31.553
Barbados,2016,0,0,0,11,278649.0,17381.365086542566,31.193
Barbados,2020,0,0,0,8,280693.0,16882.50152301625,31.191
Belarus,2000,17,0,1,139,9979610.0,1276.2803812126826,69.973
Belarus,2004,13,0,1,151,9730146.0,2378.3370047012863,71.887
Belarus,2008,18,0,1,177,9527985.0,6376.175691620631,73.726
Belarus,2012,12,0,1,160,9446836.0,6953.215916831011,75.697
Belarus,2016,9,0,1,120,9469379.0,5039.775609494456,77.661
Belarus,2020,7,0,1,101,9379952.0,6542.864539843605,79.483
Belgium,2000,5,0,0,68,10251250.0,23098.88650774013,97.129
Belgium,2004,3,0,0,50,10421137.0,35429.40779333445,97.35
Belgium,2008,2,0,0,94,10709973.0,48303.397956285975,97.555
Belgium,2012,3,0,0,111,11106932.0,44670.560684510085,97.744
Belgium,2016,6,0,0,104,11331422.0,42012.62271910154,97.919
Belgium,2020,7,0,0,130,11538604.0,45609.00349361101,98.079
Belize,2000,0,0,0,2,240406.0,4720.1682180174785,45.398
Belize,2004,0,0,0,2,272128.0,5123.596214281624,45.33
Belize,2008,0,0,0,4,305671.0,5665.966231885589,45.262
Belize,2012,0,0,0,3,337059.0,5635.52152550236,45.246
Belize,2016,0,0,0,3,367313.0,6099.957101914988,45.495
Belize,2020,0,0,0,3,394921.0,5185.158069760205,46.025
Benin,2000,0,0,0,4,6998023.0,502.99798106967205,38.333
Benin,2004,0,0,0,4,7894554.0,784.1190750609294,40.039
Benin,2008,0,0,0,5,8906469.0,1098.946678671385,42.069
Benin,2012,0,0,0,5,10014078.0,1112.569536196852,44.125
Benin,2016,0,0,0,6,11260085.0,1049.8203034992275,46.229
Benin,2020,0,0,0,7,12643123.0,1240.7331553698164,48.415
Bermuda,2000,0,0,0,6,61833.0,56284.16864780942,100.0
Bermuda,2004,0,0,0,10,63740.0,70359.31910887982,100.0
Bermuda,2008,0,0,0,6,65273.0,106935.48634197908,100.0
Bermuda,2012,0,0,0,8,64798.0,98431.8651810241,100.0
Bermuda,2016,0,0,0,8,64554.0,106885.87848932676,100.0
Bermuda,2020,1,0,0,2,63893.0,107791.88643513374,100.0
Bhutan,2000,0,0,0,2,587207.0,722.8267561647732,25.418
Bhutan,2004,0,0,0,2,649991.0,1050.1331072399632,29.835
Bhutan,2008,0,0,0,2,689737.0,1780.1122318353953,33.236
Bhutan,2012,0,0,0,2,721145.0,2470.0721513070325,36.371
Bhutan,2016,0,0,0,2,749761.0,2879.546563925891,39.428
Bhutan,2020,0,0,0,4,772506.0,3181.3397472170313,42.316
Bolivia,2000,0,0,0,5,8592656.0,977.3294176758711,61.787
Bolivia,2004,0,0,0,7,9216279.0,951.9516229393772,63.711
Bolivia,2008,0,0,0,7,9880593.0,1687.5784971504847,65.535
Bolivia,2012,0,0,0,5,10569697.0,2562.4667842332947,67.315
Bolivia,2016,0,0,0,12,11263015.0,3013.5027072166645,68.738
Bolivia,2020,0,0,0,5,11936162.0,3068.812555164558,70.123
Bosnia and Herzegovina,2000,0,0,0,9,4179350.0,1332.2102166154737,42.384
Bosnia and Herzegovina,2004,0,0,0,9,4142860.0,2451.5773012843783,43.648
Bosnia and Herzegovina,2008,0,0,0,5,3943392.0,4846.79094117894,44.92
Bosnia and Herzegovina,2012,0,0,0,6,3674374.0,4688.34582317709,46.199
Bosnia and Herzegovina,2016,0,0,0,11,3480986.0,4917.263765963064,47.518
Bosnia and Herzegovina,2020,0,0,0,7,3318407.0,6095.104236584873,49.02
Botswana,2000,0,0,0,7,1726985.0,3351.696516853099,53.219
Botswana,2004,0,0,0,11,1859085.0,4818.213102970225,55.488
Botswana,2008,0,0,0,11,2007320.0,5345.848751773758,59.444
Botswana,2012,1,0,0,4,2175425.0,6392.987347368399,64.768
Botswana,2016,0,0,0,12,2352416.0,6411.5516655651045,67.933
Botswana,2020,1,0,0,14,2546402.0,5875.070605967165,70.877
Brazil,2000,12,0,0,198,175873720.0,3726.8116690971624,81.192
Brazil,2004,10,0,0,243,184722043.0,3623.224461664854,82.521
Brazil,2008,16,0,0,268,192672317.0,8801.757875533567,83.749
Brazil,2012,17,0,0,248,199977707.0,12327.513101305685,84.923
Brazil,2016,19,1,0,462,206859578.0,8680.736468738807,86.042
Brazil,2020,20,0,0,317,213196304.0,6923.699911768218,87.073
British Virgin Islands,2000,0,0,0,1,20104.0,,41.774
British Virgin Islands,2004,0,0,0,1,22715.0,,42.909
British Virgin Islands,2008,0,0,0,2,26115.0,,44.152
British Virgin Islands,2012,0,0,0,2,28421.0,,45.502
British Virgin Islands,2016,0,0,0,4,29739.0,,46.957
British Virgin Islands,2020,0,0,0,3,30910.0,,48.515
Brunei,2000,0,0,0,2,333926.0,17971.892287759205,71.164
Brunei,2004,0,0,0,1,360461.0,21839.26361911211,72.794
Brunei,2012,0,0,0,3,406634.0,46844.197339064616,75.656
Brunei,2016,0,0,0,3,425994.0,26762.035043662116,76.99
Brunei,2020,0,0,0,2,441725.0,27179.352886939836,78.25
Bulgaria,2000,13,0,0,91,8170172.0,1621.2621073899177,68.899
Bulgaria,2004,12,0,0,95,7716860.0,3389.687433602735,70.233
Bulgaria,2008,5,0,0,70,7492561.0,7271.303388580246,71.622
Bulgaria,2012,2,0,0,63,7305888.0,7430.737380424201,72.975
Bulgaria,2016,3,0,0,51,7127822.0,7570.931655117089,74.329
Bulgaria,2020,6,0,0,42,6934015.0,10148.342395443478,75.686
Burkina Faso,2000,0,0,0,4,11882888.0,249.80207569048787,17.844
Burkina Faso,2004,0,0,0,5,13445977.0,405.4512764382677,20.757
Burkina Faso,2008,0,0,0,6,15197915.0,621.8902717981164,23.534
Burkina Faso,2012,0,0,0,5,17113732.0,733.9728795898113,25.767
Burkina Faso,2016,0,0,0,5,19275498.0,665.7863285989654,28.134
Burkina Faso,2020,1,0,0,7,21522626.0,823.5524108809677,30.607
Burundi,2000,0,0,0,6,6307659.0,138.00461722536633,8.246
Burundi,2004,0,0,0,7,7120496.0,128.5384225194565,9.139
Burundi,2008,0,0,0,3,8278109.0,194.71063464444356,10.118
Burundi,2012,0,0,0,6,9795479.0,238.2059452587801,11.194
Burundi,2016,1,0,0,9,10903327.0,242.53952729297856,12.388
Burundi,2020,0,0,0,6,12220227.0,216.8274174808684,13.708
Cambodia,2000,0,0,0,4,12118841.0,301.51659852609254,18.586
Cambodia,2004,0,0,0,4,13016371.0,410.0861329178725,19.055
Cambodia,2008,0,0,0,4,13943888.0,742.3979723219162,19.571
Cambodia,2012,0,0,0,6,14786640.0,950.4825446138339,21.037
Cambodia,2016,0,0,0,6,15624584.0,1281.1059710541222,22.582
Cambodia,2020,0,0,0,3,16396860.0,1577.9117399164475,24.232
Cameroon,2000,1,0,0,34,15091594.0,700.1632362348935,45.542
Cameroon,2004,1,0,0,17,16809407.0,1119.9808616474038,47.94
Cameroon,2008,1,0,0,32,18777081.0,1476.009078989061,50.35
Cameroon,2012,0,0,0,32,21032684.0,1433.7239284002983,52.769
Cameroon,2016,0,0,0,22,23711630.0,1426.065481132107,55.179
Cameroon,2020,0,0,0,12,26491087.0,1539.1305451924452,57.56
Canada,2000,14,0,0,294,30685730.0,24271.002056382138,79.478
Canada,2004,12,0,0,262,31940655.0,32143.681407856227,80.045
Canada,2008,19,0,0,332,33247118.0,46710.50557590134,80.578
Canada,2012,18,0,0,273,34714222.0,52669.08996323179,81.137
Canada,2016,22,0,0,310,36109487.0,42315.603705680725,81.3
Canada,2020,24,0,0,384,38007166.0,43562.435831184834,81.562
Cape Verde,2000,0,0,0,2,458251.0,1176.7072578704922,53.435
Cape Verde,2004,0,0,0,3,486583.0,1900.8884647365342,56.846
Cape Verde,2008,0,0,0,2,510336.0,3839.863635557319,60.194
Cape Verde,2012,0,0,0,3,533864.0,3583.4617251099717,62.821
Cape Verde,2016,0,0,0,5,558394.0,3312.6967445848627,64.784
Cape Verde,2020,0,0,0,6,582640.0,3126.3998587225906,66.652
Cayman Islands,2000,0,0,0,3,39658.0,,100.0
Cayman Islands,2004,0,0,0,5,45286.0,,100.0
Cayman Islands,2008,0,0,0,4,51123.0,89704.22361356122,100.0
Cayman Islands,2012,0,0,0,4,56860.0,75466.13654622054,100.0
Cayman Islands,2016,0,0,0,5,62255.0,78858.28025522368,100.0
Cayman Islands,2020,0,0,0,5,67311.0,83897.50544338903,100.0
Central African Republic,2000,0,0,0,3,3759170.0,243.87758007529825,37.639
Central African Republic,2004,0,0,0,4,4115138.0,309.1902427874181,37.966
Central African Republic,2008,0,0,0,3,4467233.0,446.2287703592761,38.506
Central African Republic,2012,0,0,0,6,4773306.0,525.8675040377277,39.388
Central African Republic,2016,0,0,0,6,4904177.0,372.1354560930305,40.618
Central African Republic,2020,0,0,0,2,5343020.0,435.4692478000213,42.198
Chad,2000,0,0,0,2,8259137.0,168.11765824777575,21.637
Chad,2004,0,0,0,1,9613503.0,460.06701832057684,21.768
Chad,2008,0,0,0,2,11098664.0,936.4941370749759,21.901
Chad,2012,0,0,0,2,12754906.0,969.6161427715891,22.142
Chad,2016,0,0,0,2,14592585.0,691.9800774277279,22.677
Chad,2020,0,0,0,3,16644701.0,643.7722156940097,23.52
Chile,2000,1,0,0,50,15351799.0,5102.96876066704,86.073
Chile,2004,3,0,0,22,16017966.0,6185.303784610961,86.725
Chile,2008,1,0,0,26,16661462.0,10797.047370511664,86.959
Chile,2012,0,0,0,35,17341771.0,15397.780459815149,87.189
Chile,2016,0,0,0,42,18083879.0,13788.240015760113,87.422
Chile,2020,0,0,0,55,19300315.0,13173.78479417227,87.727
China,2000,58,0,0,266,1262645000.0,959.3604313404402,35.877
China,2004,63,0,0,372,1296075000.0,1508.6679156357773,41.144
China,2008,100,1,0,583,1324655000.0,3468.327063085905,46.539
China,2012,88,0,0,365,1354190000.0,6300.582179529039,51.765
China,2016,70,0,0,390,1387790000.0,8094.3901673080945,56.736
China,2020,85,0,0,415,1411100000.0,10408.719554107434,61.428
Colombia,2000,1,0,0,44,39215135.0,2546.8502135980866,73.957
Colombia,2004,2,0,0,53,41648268.0,2811.4594505165255,75.62
Colombia,2008,2,0,0,67,43815313.0,5534.689446881984,77.204
Colombia,2012,8,0,0,101,45782417.0,8096.8015097751395,78.701
Colombia,2016,8,0,0,143,47625955.0,5936.261021668291,80.108
Colombia,2020,5,0,0,68,50930662.0,5304.289128866419,81.425
Comoros,2000,0,0,0,2,536758.0,654.18043075023,28.08
Comoros,2004,0,0,0,3,581154.0,1090.4271686947247,27.903
Comoros,2008,0,0,0,3,629470.0,1454.650909116579,27.886
Comoros,2012,0,0,0,3,684553.0,1483.951558529946,28.123
Comoros,2016,0,0,0,4,746232.0,1357.266228888268,28.619
Comoros,2020,0,0,0,3,806166.0,1519.5867798163404,29.38
Congo,2000,0,0,0,5,3134030.0,1029.960688818936,58.695
Congo,2004,0,0,0,5,3543012.0,1314.4112806073504,60.533
Congo,2008,0,0,0,5,4089602.0,2848.6531631791063,62.346
Congo,2012,0,0,0,7,4713257.0,3753.860928081028,64.169
Congo,2016,0,0,0,10,5186824.0,2107.503023972203,66.001
Congo,2020,0,0,0,3,5702174.0,2011.2694790099006,67.829
"Congo, Dem Rep",2000,0,0,0,2,48616317.0,392.62633378413057,35.122
"Congo, Dem Rep",2004,0,0,0,4,54815607.0,187.85678102995374,37.0
"Congo, Dem Rep",2008,0,0,0,5,62249724.0,317.8892100811306,38.976
"Congo, Dem Rep",2012,0,0,0,4,70997870.0,412.77626054499524,41.082
"Congo, Dem Rep",2016,0,0,0,4,81430977.0,456.0279505836237,43.307
"Congo, Dem Rep",2020,0,0,0,6,92853164.0,524.6666862114952,45.638
Cook Islands,2000,0,0,0,2,,,
Cook Islands,2004,0,0,0,3,,,
Cook Islands,2008,0,0,0,4,,,
Cook Islands,2012,0,0,0,8,,,
Cook Islands,2016,0,0,0,9,,,
Cook Islands,2020,0,0,0,6,,,
Costa Rica,2000,2,0,0,7,3979193.0,3773.033793196786,59.052
Costa Rica,2004,0,0,0,20,4252800.0,4376.080428472606,64.388
Costa Rica,2008,0,0,0,8,4501921.0,6841.911460007894,69.39
Costa Rica,2012,0,0,0,11,4736593.0,9971.651655765843,73.946
Costa Rica,2016,0,0,0,11,4945205.0,11899.813983374785,77.735
Costa Rica,2020,0,0,0,13,5123105.0,12179.256673519516,80.771
Cote d'Ivoire,2000,0,0,0,14,16799670.0,986.7773528395677,43.155
Cote d'Ivoire,2004,0,0,0,5,18544903.0,1267.7648229510503,44.817
Cote d'Ivoire,2008,0,0,0,21,20244449.0,1683.3375045376736,46.491
Cote d'Ivoire,2012,0,0,0,9,22010712.0,1649.3016148365032,48.172
Cote d'Ivoire,2016,2,0,0,12,24213622.0,1999.1953715938325,49.881
Cote d'Ivoire,2020,1,0,0,30,26811790.0,2349.069882004178,51.706
Croatia,2000,2,0,0,88,4468302.0,4952.3777529893005,53.428
Croatia,2004,5,0,0,81,4304600.0,9723.381023856316,54.147
Croatia,2008,5,0,0,99,4309705.0,15898.79989608762,54.819
Croatia,2012,6,0,0,107,4267558.0,13439.66455551894,55.506
Croatia,2016,10,0,0,85,4174349.0,12579.922703148084,56.403
Croatia,2020,8,0,0,58,4047680.0,14269.908854933172,57.553
Cuba,2000,29,0,0,229,11105791.0,2752.2037826931914,75.323
Cuba,2004,27,0,0,151,11225294.0,3403.29616311163,76.041
Cuba,2008,24,0,0,158,11276609.0,4992.82449445836,76.413
Cuba,2012,14,0,0,109,11309290.0,6467.337914228037,76.781
Cuba,2016,11,0,0,117,11342012.0,8055.925867800175,76.93
Cuba,2020,15,0,0,69,11300698.0,9499.57250428248,77.194
Cyprus,2000,0,0,0,22,948237.0,10530.958490687086,68.648
Cyprus,2004,0,0,0,20,1018684.0,17002.870860836138,68.41
Cyprus,2008,0,0,0,17,1092390.0,25489.705132148043,67.839
Cyprus,2012,1,0,0,13,1156556.0,21596.268512972223,67.261
Cyprus,2016,0,0,0,15,1197881.0,17491.683638093935,66.881
Cyprus,2020,0,0,0,14,1237537.0,20385.00762743215,66.821
Czech Republic,2000,8,0,0,119,10255063.0,6029.038192753579,73.988
Czech Republic,2004,9,0,0,142,10197101.0,11749.852664357742,73.671
Czech Republic,2008,6,0,0,134,10384603.0,22804.577677450743,73.394
Czech Republic,2012,10,0,0,133,10510785.0,19870.80121234037,73.197
Czech Republic,2016,10,0,0,104,10566332.0,18575.23202719146,73.57
Czech Republic,2020,11,0,0,115,10697858.0,22992.879383334777,74.061
Denmark,2000,6,0,0,97,5339616.0,30743.547681635344,85.1
Denmark,2004,8,0,0,92,5404523.0,46511.59833243045,85.566
Denmark,2008,7,0,0,84,5493621.0,64322.063502084144,86.487
Denmark,2012,9,0,0,114,5591572.0,58507.50805178526,87.142
Denmark,2016,15,0,0,119,5728010.0,54663.998371919566,87.642
Denmark,2020,11,0,0,105,5831404.0,60836.59241216369,88.116
Djibouti,2000,0,0,0,2,742033.0,742.8656971543112,76.532
Djibouti,2008,0,0,0,2,882886.0,1131.635725640376,76.899
Djibouti,2012,0,0,0,4,954297.0,1418.4608581193277,77.138
Djibouti,2016,0,0,0,7,1023261.0,2545.738798509051,77.528
Djibouti,2020,0,0,0,4,1090156.0,2921.738706232934,78.062
Dominica,2000,0,0,0,4,68346.0,4879.14977277924,65.265
Dominica,2004,0,0,0,2,68574.0,5354.799195030187,66.299
Dominica,2008,0,0,0,2,68782.0,6661.465047379968,67.502
Dominica,2012,0,0,0,2,68888.0,7054.875976894321,68.685
Dominica,2016,0,0,0,2,70075.0,8223.041450297966,69.88
Dominica,2020,0,0,0,2,71995.0,7003.469891170428,71.09
Dominican Republic,2000,0,0,0,13,8540791.0,2845.846553166762,61.753
Dominican Republic,2004,1,0,0,33,9043127.0,2468.4367898951323,66.003
Dominican Republic,2008,2,0,0,24,9522948.0,5053.330284942477,71.3
Dominican Republic,2012,2,0,0,33,10030882.0,6049.471587098453,75.802
Dominican Republic,2016,1,0,0,26,10527592.0,7191.0697030865085,79.436
Dominican Republic,2020,5,0,0,66,10999664.0,7167.914974328089,82.54
East Timor (Timor-Leste),2004,0,0,0,2,945989.0,465.9377646040282,25.71
East Timor (Timor-Leste),2008,0,0,0,1,1043076.0,621.7414646679629,27.048
East Timor (Timor-Leste),2012,0,0,0,2,1137676.0,1020.1102950224845,28.428
East Timor (Timor-Leste),2016,0,0,0,3,1224562.0,1349.5467767250657,29.85
East Timor (Timor-Leste),2020,0,0,0,3,1299995.0,1663.5596290754963,31.32
Ecuador,2000,0,0,0,10,12626507.0,1451.530885179979,60.299
Ecuador,2004,0,0,0,16,13534593.0,2703.565670574653,61.514
Ecuador,2008,1,0,0,25,14496797.0,4260.433183964707,62.3
Ecuador,2012,0,0,0,36,15483883.0,5678.455720700033,62.988
Ecuador,2016,0,0,0,37,16439585.0,6079.0887361207715,63.534
Ecuador,2020,3,0,0,47,17588595.0,5645.199289653324,64.166
Egypt,2000,0,0,0,89,71371371.0,1398.8598307867212,42.797
Egypt,2004,5,0,0,96,77522427.0,1016.253883956284,42.981
Egypt,2008,1,0,0,100,83844783.0,1941.8999726933757,43.058
Egypt,2012,2,0,0,109,91240376.0,3059.1354277920445,42.946
Egypt,2016,3,0,0,121,99784030.0,3331.612461346881,42.732
Egypt,2020,6,0,0,141,107465134.0,3571.5569065135023,42.783
El Salvador,2000,0,0,0,8,5958482.0,1977.8406144383755,58.912
El Salvador,2004,0,0,0,7,6035655.0,2273.955502758193,61.107
El Salvador,2008,0,0,0,11,6068099.0,2964.172140237,63.678
El Salvador,2012,0,0,0,10,6161289.0,3471.0512686549846,67.187
El Salvador,2016,0,0,0,8,6250510.0,3870.3129824606312,70.501
El Salvador,2020,0,0,0,5,6292731.0,3961.72663347599,73.444
Equatorial Guinea,2000,0,0,0,4,684977.0,1527.0563777159232,49.092
Equatorial Guinea,2004,0,0,0,2,826355.0,5337.614389296767,56.033
Equatorial Guinea,2008,0,0,0,3,994971.0,19849.717766970494,62.745
Equatorial Guinea,2012,0,0,0,2,1193636.0,18756.425027322486,69.0
Equatorial Guinea,2016,0,0,0,1,1398927.0,8035.307665584266,71.138
Equatorial Guinea,2020,0,0,0,3,1596049.0,6198.94252378655,73.1
Eritrea,2000,0,0,0,3,2392880.0,295.19692403480997,26.587
Eritrea,2004,1,0,0,4,2763140.0,401.3745251560579,30.164
Eritrea,2008,0,0,0,10,3005779.0,459.1784026703227,34.0
Eritrea,2012,0,0,0,12,3252596.0,,36.372
Eritrea,2016,0,0,0,12,3365287.0,,38.827
Eritrea,2020,0,0,0,13,3555868.0,,41.347
Estonia,2000,3,0,1,33,1396985.0,4070.609024102077,69.368
Estonia,2004,3,0,1,42,1362550.0,8914.103556744487,68.862
Estonia,2008,2,0,1,47,1337090.0,18204.96647867623,68.351
Estonia,2012,2,0,1,32,1322696.0,17403.205325476676,67.974
Estonia,2016,1,0,1,46,1315790.0,18295.34293221137,68.563
Estonia,2020,2,0,1,33,1329522.0,23595.243683644047,69.229
Ethiopia,2000,8,0,0,26,67031867.0,122.96165968141392,14.74
Ethiopia,2004,7,0,0,26,75301026.0,134.54248633268423,15.504
Ethiopia,2008,7,0,0,27,84357105.0,320.86108971168227,16.51
Ethiopia,2012,7,0,0,33,94451280.0,458.55092079305757,18.16
Ethiopia,2016,8,0,0,37,105293228.0,705.6175085435893,19.866
Ethiopia,2020,4,0,0,37,117190911.0,918.6525940774195,21.695
Fiji,2000,0,0,0,7,832509.0,2015.8574957127069,47.908
Fiji,2004,0,0,0,8,866694.0,3124.607389263246,49.479
Fiji,2008,0,0,0,6,896731.0,3928.921738579641,51.146
Fiji,2012,0,0,0,9,911059.0,4359.792400353083,53.196
Fiji,2016,1,0,0,53,918371.0,5368.433491864313,55.235
Fiji,2020,2,0,0,32,920422.0,4815.689148125402,57.247
Finland,2000,4,0,0,70,5176209.0,24345.914821703296,82.183
Finland,2004,2,0,0,53,5228172.0,37772.178111039764,82.772
Finland,2008,4,0,0,57,5313399.0,53772.794239002,83.299
Finland,2012,3,0,0,56,5413971.0,47708.06127844682,84.841
Finland,2016,1,0,0,54,5495303.0,43814.02650569641,85.275
Finland,2020,2,0,0,45,5529543.0,49169.71933884988,85.517
France,2000,38,0,0,336,60921384.0,22416.425417914994,75.871
France,2004,33,0,0,308,62716306.0,33797.1624418436,76.883
France,2008,41,0,0,309,64379696.0,45515.961753347205,77.868
France,2012,35,0,0,324,65662240.0,40870.85236457346,78.878
France,2016,42,0,0,392,66724104.0,37062.53357238293,79.917
France,2020,32,0,0,392,67571107.0,39179.744259605664,80.975
Gabon,2000,0,0,0,5,1272935.0,3991.157151410033,78.879
Gabon,2004,0,0,0,5,1417110.0,5483.144574671642,81.778
Gabon,2008,0,0,0,4,1599978.0,9732.22653332602,84.359
Gabon,2012,1,0,0,21,1836705.0,9348.514876400564,86.634
Gabon,2016,0,0,0,6,2086206.0,6722.198222690617,88.559
Gabon,2020,0,0,0,5,2292573.0,6680.08266467746,90.092
Gambia,2000,0,0,0,2,1437539.0,544.6209611076013,47.868
Gambia,2004,0,0,0,2,1612225.0,596.6292864975056,51.288
Gambia,2008,0,0,0,3,1820542.0,857.8582398704563,54.211
Gambia,2012,0,0,0,2,2061014.0,686.5575577197486,57.105
Gambia,2016,0,0,0,4,2317206.0,640.676265282983,59.918
Gambia,2020,0,0,0,4,2573995.0,704.0304628372199,62.582
Georgia,2000,6,0,1,36,4077131.0,749.9085349939602,52.638
Georgia,2004,4,0,1,32,3927340.0,1305.0474855720768,53.218
Georgia,2008,6,0,1,35,3848449.0,3324.7537205015055,54.765
Georgia,2012,7,0,1,34,3728874.0,4421.930711903996,56.303
Georgia,2016,7,0,1,40,3727505.0,4062.1269783861326,57.837
Georgia,2020,8,0,1,35,3722716.0,4255.742993212536,59.453
Germany,2000,56,0,0,422,82211508.0,23694.760483067286,74.965
Germany,2004,49,0,0,441,82516260.0,34106.65812240012,75.779
Germany,2008,41,0,0,420,82110097.0,45612.71062214419,76.575
Germany,2012,44,0,0,383,80425823.0,43855.85446586179,77.17
Germany,2016,42,0,0,418,82348669.0,42136.120790799054,77.224
Germany,2020,37,0,0,403,83160871.0,46749.47622800163,77.453
Ghana,2000,0,0,0,22,19665502.0,253.3802931757608,43.929
Ghana,2004,0,0,0,26,21906444.0,405.42490176471904,46.63
Ghana,2008,0,0,0,9,24326087.0,1178.9558773292597,49.351
Ghana,2012,0,0,0,7,26858762.0,1536.61963499859,52.073
Ghana,2016,0,0,0,13,29554303.0,1900.3976744447634,54.749
Ghana,2020,1,0,0,13,32180401.0,2176.5762180423885,57.349
Greece,2000,13,0,0,140,10805808.0,12072.929356919538,72.716
Greece,2004,16,1,0,426,10955141.0,21995.477943745955,74.073
Greece,2008,4,0,0,152,11077841.0,32127.983194328663,75.568
Greece,2012,2,0,0,102,11045011.0,21912.998287951727,77.004
Greece,2016,6,0,0,92,10775971.0,17923.96681347166,78.387
Greece,2020,4,0,0,79,10698599.0,17617.291505701356,79.715
Grenada,2000,0,0,0,3,107432.0,4840.68406406257,35.698
Grenada,2004,0,0,0,5,109516.0,5470.603314516536,35.901
Grenada,2008,0,0,0,9,112478.0,7343.44526962639,35.877
Grenada,2012,1,0,0,8,115912.0,6900.76507593244,35.869
Grenada,2016,1,0,0,6,119966.0,8849.513535007753,36.072
Grenada,2020,1,0,0,6,123663.0,8437.536782312494,36.537
Guam,2000,0,0,0,7,160188.0,,93.129
Guam,2004,0,0,0,4,164004.0,23590.88802712129,93.534
Guam,2008,0,0,0,6,164725.0,28277.43208377599,93.916
Guam,2012,0,0,0,8,166392.0,31642.14625703159,94.277
Guam,2016,0,0,0,5,168346.0,35052.80790752379,94.617
Guam,2020,0,0,0,4,169231.0,34780.86166246137,94.938
Guatemala,2000,0,0,0,15,11589761.0,1664.3077480243812,45.332
Guatemala,2004,0,0,0,18,12682108.0,1859.0992991588703,46.616
Guatemala,2008,0,0,0,12,13739299.0,2802.4515824509385,47.807
Guatemala,2012,1,0,0,19,14781942.0,3355.034777374062,49.0
Guatemala,2016,0,0,0,21,15827690.0,4173.281348636624,50.319
Guatemala,2020,0,0,0,24,16858333.0,4609.897257528689,51.836
Guinea,2000,0,0,0,6,8336967.0,359.28667001827404,30.869
Guinea,2004,0,0,0,3,8961039.0,405.69605976043846,31.977
Guinea,2008,0,0,0,5,9779785.0,712.0994160767124,33.106
Guinea,2012,0,0,0,4,10788692.0,707.9676781990032,34.255
Guinea,2016,0,0,0,5,11930985.0,720.4732551726458,35.46
Guinea,2020,0,0,0,5,13205153.0,1073.659339001396,36.875
Guinea-Bissau,2000,0,0,0,3,1230849.0,301.49557098390545,36.243
Guinea-Bissau,2004,0,0,0,3,1347009.0,394.99579795170115,37.772
Guinea-Bissau,2008,0,0,0,3,1488431.0,583.2683059377513,39.325
Guinea-Bissau,2012,0,0,0,4,1652717.0,598.5726262482578,40.908
Guinea-Bissau,2016,0,0,0,5,1834552.0,642.6663900869314,42.533
Guinea-Bissau,2020,0,0,0,4,2015828.0,710.2581329782204,44.196
Guyana,2000,0,0,0,4,759051.0,938.8932979832871,28.694
Guyana,2004,0,0,0,4,760424.0,1036.0198773103466,28.064
Guyana,2008,0,0,0,4,754150.0,4011.386903582006,27.105
Guyana,2012,0,0,0,6,743966.0,5461.3900847126215,26.4
Guyana,2016,0,0,0,6,759087.0,5905.380195632042,26.482
Guyana,2020,0,0,0,7,797202.0,6863.074345930166,26.786
Haiti,2000,0,0,0,5,8360225.0,814.9979197010666,35.6
Haiti,2004,0,0,0,8,8961489.0,679.2800543105225,41.679
Haiti,2008,0,0,0,7,9575247.0,1089.576355013954,45.551
Haiti,2012,0,0,0,5,10108539.0,1356.17277659459,49.477
Haiti,2016,0,0,0,10,10713849.0,1313.1860951670963,53.396
Haiti,2020,0,0,0,6,11306801.0,1283.1412278593918,57.088
Honduras,2000,0,0,0,20,6656725.0,1079.6056663086954,45.458
Honduras,2004,0,0,0,5,7383407.0,1201.2475046191682,47.927
Honduras,2008,0,0,0,25,8101777.0,1713.418164403513,50.566
Honduras,2012,0,0,0,25,8792367.0,2107.3454278659547,53.202
Honduras,2016,0,0,0,23,9460798.0,2295.536270004232,55.813
Honduras,2020,0,0,0,27,10121763.0,2354.1214338730715,58.359
Hong Kong,2000,0,0,0,31,6665000.0,25756.772872370442,100.0
Hong Kong,2004,1,0,0,32,6783500.0,24928.100372255176,100.0
Hong Kong,2008,0,0,0,34,6957800.0,31515.529210344364,100.0
Hong Kong,2012,1,0,0,41,7150100.0,36730.79619581502,100.0
Hong Kong,2016,0,0,0,37,7336600.0,43734.19807029987,100.0
Hong Kong,2020,6,0,0,43,7481000.0,46109.22999466087,100.0
Hungary,2000,17,0,0,178,10210971.0,4624.281656702952,64.575
Hungary,2004,17,0,0,208,10107146.0,10301.703394674323,65.896
Hungary,2008,10,0,0,170,10038188.0,15772.330083938255,67.943
Hungary,2012,18,0,0,151,9920362.0,12984.836573013365,69.678
Hungary,2016,15,0,0,153,9814023.0,13104.699545745818,70.779
Hungary,2020,20,0,0,170,9750149.0,16125.609408540731,71.942
Iceland,2000,1,0,0,18,281205.0,32096.37226136954,92.401
Iceland,2004,0,0,0,26,292074.0,47334.93065377233,92.914
Iceland,2008,1,0,0,27,317414.0,56943.370446856476,93.395
Iceland,2012,0,0,0,27,320716.0,45995.547878946796,93.6
Iceland,2016,0,0,0,8,335439.0,61987.926362028265,93.735
Iceland,2020,0,0,0,3,366463.0,58848.41812446004,93.898
India,2000,1,0,0,65,1059633675.0,442.0347789114979,27.667
India,2004,1,0,0,73,1136264583.0,624.1050943816903,28.903
India,2008,3,0,0,53,1206734806.0,993.503405266509,30.246
India,2012,6,0,0,81,1274487215.0,1434.017987216286,31.634
India,2016,2,0,0,112,1338636340.0,1714.279537400389,33.182
India,2020,7,0,0,120,1396387127.0,1913.2197327875108,34.926
Indonesia,2000,6,0,0,47,214072421.0,770.8653515802953,42.002
Indonesia,2004,4,0,0,38,225938595.0,1136.7552112796488,45.149
Indonesia,2008,5,0,0,24,237936543.0,2144.3895441928735,48.335
Indonesia,2012,2,0,0,22,250222695.0,3668.212083370971,51.276
Indonesia,2016,3,0,0,28,261850182.0,3558.8188517573685,53.989
Indonesia,2020,5,0,0,26,271857970.0,3895.6181520022383,56.641
Iran,2000,4,0,0,33,65544383.0,1672.0228764901335,64.042
Iran,2004,6,0,0,37,69061674.0,2751.793041736376,66.869
Iran,2008,2,0,0,54,73318394.0,5623.911680932277,69.458
Iran,2012,12,0,0,52,77324451.0,8329.002066648762,71.755
Iran,2016,8,0,0,63,83306231.0,5497.243232546986,73.88
Iran,2020,7,0,0,65,87290193.0,2746.4194831795594,75.874
Iraq,2000,0,0,0,4,24628858.0,1963.7228386271543,68.496
Iraq,2004,0,0,0,24,27858948.0,1314.7625589474162,68.712
Iraq,2008,0,0,0,4,29218381.0,4504.50809414269,68.927
Iraq,2012,0,0,0,8,33864447.0,6437.503076240726,69.432
Iraq,2016,0,0,0,20,38697943.0,4305.202701546307,70.094
Iraq,2020,0,0,0,3,42556984.0,4251.3372527280835,70.893
Ireland,2000,1,0,0,64,3805174.0,26334.567205050018,59.155
Ireland,2004,0,0,0,46,4070262.0,47754.2023194244,60.202
Ireland,2008,3,0,0,55,4489544.0,61353.10656295227,61.141
Ireland,2012,5,0,0,64,4599533.0,48943.82064595602,61.942
Ireland,2016,2,0,0,76,4755335.0,62784.06568756944,62.737
Ireland,2020,4,0,0,118,4985382.0,85973.08848755,63.653
Israel,2000,1,0,0,39,6289000.0,21630.74760878868,91.203
Israel,2004,2,0,0,36,6809000.0,20557.07862700294,91.456
Israel,2008,1,0,0,43,7308800.0,30173.361593885587,91.702
Israel,2012,0,0,0,37,7910500.0,33156.22831576373,91.96
Israel,2016,2,0,0,47,8546000.0,37690.47395118594,92.256
Israel,2020,4,0,0,89,9215100.0,44846.79159548155,92.587
Italy,2000,34,0,0,361,56942108.0,20137.59122176738,67.222
Italy,2004,32,0,0,364,57685327.0,31317.200794329554,67.62
Italy,2008,27,0,0,333,58826731.0,40944.91241946777,68.092
Italy,2012,28,0,0,281,59539717.0,35051.52126977023,68.684
Italy,2016,28,0,0,309,60627498.0,30960.73150889024,69.855
Italy,2020,40,0,0,376,59438851.0,31922.919162618233,71.039
Jamaica,2000,9,0,0,48,2612205.0,3447.303896489759,51.814
Jamaica,2004,5,0,0,47,2664024.0,3819.284230903175,52.625
Jamaica,2008,9,0,0,50,2711373.0,5056.25803606977,53.371
Jamaica,2012,12,0,0,45,2759817.0,5365.242172045574,54.132
Jamaica,2016,11,0,0,56,2802695.0,5022.700191825332,55.098
Jamaica,2020,9,0,0,61,2820436.0,4897.264750346542,56.311
Japan,2000,18,0,0,266,126843000.0,39169.359570150424,78.649
Japan,2004,37,0,0,305,127761000.0,38298.98017123034,84.64
Japan,2008,25,0,0,332,128063000.0,39876.303968572494,89.103
Japan,2012,38,0,0,291,127629000.0,49145.28043081925,91.148
Japan,2016,41,0,0,335,127076000.0,39375.47316207813,91.457
Japan,2020,57,1,0,598,126261000.0,40040.7655055923,91.782
Jordan,2000,0,0,0,8,5056174.0,1673.3581251064343,78.27
Jordan,2004,0,0,0,8,5532423.0,2062.695970473516,78.321
Jordan,2008,0,0,0,7,6632873.0,3416.123901261218,83.692
Jordan,2012,0,0,0,9,7211863.0,4386.461818553791,88.185
Jordan,2016,1,0,0,8,9964656.0,4003.4047464117775,90.506
Jordan,2020,2,0,0,14,10928721.0,3998.673138292358,91.418
Kazakhstan,2000,7,0,1,130,14883626.0,1229.0009613272732,56.098
Kazakhstan,2004,8,0,1,114,15012984.0,2874.2884827299886,56.39
Kazakhstan,2008,13,0,1,130,15776938.0,8458.019474500185,56.682
Kazakhstan,2012,13,0,1,113,16792090.0,12386.69926529628,56.973
Kazakhstan,2016,18,0,1,101,17794055.0,7714.841843760234,57.264
Kazakhstan,2020,8,0,1,95,18755666.0,9121.636409041566,57.671
Kenya,2000,7,0,0,56,30851606.0,411.8213521138705,19.892
Kenya,2004,7,0,0,46,34791836.0,462.6182157744305,21.31
Kenya,2008,15,0,0,46,39186895.0,915.998915654065,22.8
Kenya,2012,11,0,0,47,43725806.0,1289.7807914982218,24.376
Kenya,2016,13,0,0,79,47894670.0,1562.0766186277742,26.105
Kenya,2020,10,0,0,87,51985780.0,1936.2507545437425,27.995
Kiribati,2004,0,0,0,3,96224.0,1063.8785841760996,43.532
Kiribati,2008,0,0,0,2,103966.0,1356.6474909782523,45.706
Kiribati,2012,0,0,0,3,111618.0,1698.9191243801358,49.082
Kiribati,2016,0,0,0,3,118513.0,1506.231003081071,52.45
Kiribati,2020,0,0,0,3,126463.0,1403.993852626958,55.594
"Korea, North",2000,4,0,0,31,23367059.0,,59.412
"Korea, North",2004,5,0,0,36,23948930.0,,59.727
"Korea, North",2008,6,0,0,58,24469047.0,,60.04
"Korea, North",2012,6,0,0,51,24887770.0,,60.738
"Korea, North",2016,7,0,0,30,25389611.0,,61.471
"Korea, South",2000,28,0,0,279,47008111.0,12257.020662234503,79.621
"Korea, South",2004,30,0,0,260,48082519.0,16496.13161671141,81.002
"Korea, South",2008,31,0,0,263,49054708.0,21350.427979823056,81.733
"Korea, South",2012,28,0,0,249,50199853.0,25459.16890009638,81.851
"Korea, South",2016,21,0,0,207,51217803.0,29280.440317004814,81.562
"Korea, South",2020,20,0,0,231,51836239.0,31721.29891418569,81.414
Kosovo,2016,1,0,0,8,,,
Kosovo,2020,2,0,0,11,,,
Kuwait,2000,1,0,0,29,1934901.0,19493.888049091453,99.0
Kuwait,2004,0,0,0,11,2153481.0,27601.400059072173,100.0
Kuwait,2008,0,0,0,8,2650930.0,55595.48431295922,100.0
Kuwait,2012,1,0,0,10,3394663.0,51271.06775693405,100.0
Kuwait,2020,1,0,0,10,4360444.0,24297.710802095153,100.0
Kyrgyzstan,2000,1,0,1,48,4898400.0,279.61956926093825,35.298
Kyrgyzstan,2004,0,0,1,29,5104700.0,433.23497659086723,35.292
Kyrgyzstan,2008,2,0,1,20,5318700.0,966.3938385656948,35.285
Kyrgyzstan,2012,0,0,1,14,5607200.0,1177.9752611574672,35.423
Kyrgyzstan,2016,0,0,1,19,6079500.0,1120.6670580012665,35.944
Kyrgyzstan,2020,3,0,1,16,6579900.0,1256.9292260126308,36.856
Laos,2000,0,0,0,3,5430853.0,318.77092281224145,21.977
Laos,2004,0,0,0,5,5768167.0,410.2513189828259,26.242
Laos,2008,0,0,0,4,6135861.0,887.6397349416781,28.893
Laos,2012,0,0,0,3,6508803.0,1566.0097449958464,31.264
Laos,2016,0,0,0,5,6891363.0,2309.0490761946076,33.736
Laos,2020,0,0,0,4,7319399.0,2593.355097198472,36.29
Latvia,2000,3,0,1,45,2367550.0,3361.64086880275,68.067
Latvia,2004,4,0,1,32,2263122.0,6378.666520571141,67.9
Latvia,2008,3,0,1,47,2177322.0,16467.14368794046,67.834
Latvia,2012,2,0,1,45,2034319.0,13847.337939319448,67.897
Latvia,2016,0,0,1,32,1959537.0,14331.751588504887,68.021
Latvia,2020,2,0,1,33,1900449.0,18096.202707339373,68.315
Lebanon,2000,0,0,0,6,4320642.0,3994.8611438888943,86.0
Lebanon,2004,0,0,0,5,4574797.0,4625.304246732652,86.494
Lebanon,2008,0,0,0,6,4887613.0,5957.696754115475,87.042
Lebanon,2012,0,0,0,10,5178337.0,8500.180562940302,87.636
Lebanon,2016,0,0,0,9,6258619.0,8172.299475991334,88.266
Lebanon,2020,0,0,0,6,5662923.0,5599.957522607336,88.925
Lesotho,2000,0,0,0,6,1998630.0,443.949949675926,19.548
Lesotho,2004,0,0,0,3,1985384.0,761.1810387917249,21.689
Lesotho,2008,0,0,0,5,1995014.0,885.659303242659,23.796
Lesotho,2012,0,0,0,4,2054718.0,1205.8599848100225,25.704
Lesotho,2016,0,0,0,8,2143872.0,994.2397640620662,27.317
Lesotho,2020,0,0,0,2,2254100.0,917.3563812584401,29.028
Liberia,2000,0,0,0,8,2895224.0,301.8764696617602,44.331
Liberia,2004,0,0,0,2,3122447.0,287.27469193232105,45.706
Liberia,2008,0,0,0,3,3783887.0,456.1446998813654,47.088
Liberia,2012,0,0,0,3,4331740.0,644.4555767428332,48.583
Liberia,2016,0,0,0,2,4706097.0,722.1312267894181,50.254
Liberia,2020,0,0,0,3,5087584.0,597.5296918930478,52.089
Libya,2000,0,0,0,3,5154790.0,7424.353471567221,76.387
Libya,2004,0,0,0,8,5687563.0,5823.637943405233,76.919
Libya,2008,0,0,0,6,6228370.0,13921.899234611237,77.632
Libya,2012,0,0,0,4,5869870.0,15765.419790667647,78.512
Libya,2016,0,0,0,7,6282196.0,7945.006050159641,79.54
Libya,2020,0,0,0,4,6653942.0,7034.658364332587,80.691
Liechtenstein,2000,0,0,0,2,33026.0,75210.133177591,15.13
Liechtenstein,2004,0,0,0,1,34300.0,100710.60634823382,14.795
Liechtenstein,2008,0,0,0,2,35401.0,143540.57343259116,14.574
Liechtenstein,2012,0,0,0,3,36505.0,149461.78557145983,14.367
Liechtenstein,2016,0,0,0,3,37609.0,165845.99520065196,14.303
Liechtenstein,2020,0,0,0,5,38756.0,165287.18676651176,14.416
Lithuania,2000,5,0,1,61,3499536.0,3293.2299786708577,66.986
Lithuania,2004,3,0,1,59,3377075.0,6700.3271918938135,66.646
Lithuania,2008,5,0,1,71,3198231.0,14944.996652175,66.848
Lithuania,2012,5,0,1,62,2987773.0,14367.70942487197,66.864
Lithuania,2016,4,0,1,67,2868231.0,15008.313244552583,67.366
Lithuania,2020,1,0,1,42,2794885.0,20381.855782747803,68.046
Luxembourg,2000,0,0,0,7,436300.0,48659.598875323405,84.216
Luxembourg,2004,0,0,0,10,458095.0,76544.91708684727,86.177
Luxembourg,2008,0,0,0,13,488650.0,120422.13793415697,87.8
Luxembourg,2012,0,0,0,9,530946.0,112584.67627095825,89.249
Luxembourg,2016,0,0,0,10,582014.0,106899.29354955173,90.46
Luxembourg,2020,0,0,0,12,630419.0,116905.37039685257,91.453
Macedonia,2000,1,0,0,10,2026350.0,1861.89899780644,58.548
Macedonia,2004,0,0,0,10,2032544.0,2795.897393462193,57.711
Macedonia,2008,0,0,0,7,2046898.0,4841.253660178162,57.175
Macedonia,2012,0,0,0,4,2061044.0,4728.313078506757,57.125
Macedonia,2016,0,0,0,6,2072490.0,5149.586764369093,57.563
Macedonia,2020,1,0,0,8,2072531.0,5965.450231953636,58.482
Madagascar,2000,0,0,0,11,16216431.0,285.4664632338176,27.121
Madagascar,2004,0,0,0,8,18250774.0,277.50782658828,28.211
Madagascar,2008,0,0,0,6,20513599.0,522.830621952535,30.67
Madagascar,2012,0,0,0,7,22966240.0,504.1737377101302,33.227
Madagascar,2016,0,0,0,6,25501941.0,464.6161583717098,35.856
Madagascar,2020,0,0,0,6,28225177.0,462.40422881838435,38.534
Malawi,2000,0,0,0,2,11229387.0,225.95245673945337,14.61
Malawi,2004,0,0,0,4,12411342.0,407.58899001324437,14.964
Malawi,2008,0,0,0,4,13889423.0,557.5190094084016,15.326
Malawi,2012,0,0,0,3,15581251.0,563.0615396777267,15.812
Malawi,2016,0,0,0,5,17405624.0,454.44326606524766,16.506
Malawi,2020,0,0,0,5,19377061.0,622.184591270704,17.427
Malaysia,2000,0,0,0,40,22945150.0,4087.5625934938453,61.977
Malaysia,2004,0,0,0,26,25333247.0,4924.33811126584,65.694
Malaysia,2008,1,0,0,32,27664296.0,8343.303381744614,69.225
Malaysia,2012,2,0,0,29,29660212.0,10601.510455896641,72.275
Malaysia,2016,5,0,0,32,31526418.0,9555.669593365601,74.84
Malaysia,2020,2,0,0,30,33199993.0,10164.344431072952,77.16
Maldives,2000,0,0,0,4,282507.0,2209.9882313876187,27.706
Maldives,2004,0,0,0,4,302135.0,4060.5344128136426,32.49
Maldives,2008,0,0,0,4,336883.0,6743.130962811243,35.61
Maldives,2012,0,0,0,5,387539.0,7447.415604614401,37.267
Maldives,2016,0,0,0,4,454252.0,9708.141347504776,38.954
Maldives,2020,0,0,0,4,514438.0,7216.816371109463,40.669
Mali,2000,0,0,0,5,11239101.0,263.49838424482886,28.356
Mali,2004,0,0,0,21,12751995.0,427.7173199746126,31.3
Mali,2008,0,0,0,17,14551117.0,676.1270011440043,34.403
Mali,2012,0,0,0,6,16514687.0,753.3921375019037,37.599
Mali,2016,0,0,0,6,18700106.0,750.051809102296,40.783
Mali,2020,0,0,0,4,21224040.0,822.9061368321301,43.909
Malta,2000,0,0,0,7,390087.0,10432.328062167979,92.368
Malta,2004,0,0,0,7,401268.0,15197.056610121017,93.407
Malta,2008,0,0,0,6,409379.0,22205.356770930357,93.929
Malta,2012,0,0,0,5,420028.0,22526.537020863205,94.211
Malta,2016,0,0,0,7,455356.0,25623.941632059752,94.48
Malta,2020,0,0,0,6,515332.0,29597.6361628521,94.744
Marshall Islands,2008,0,0,0,5,53816.0,2712.373643526089,72.613
Marshall Islands,2012,0,0,0,4,52203.0,3445.3154033293104,74.498
Marshall Islands,2016,0,0,0,5,48329.0,4153.117176022678,76.228
Marshall Islands,2020,0,0,0,2,43413.0,5545.600267412526,77.794
Mauritania,2000,0,0,0,2,2695003.0,660.3038610606927,38.091
Mauritania,2004,0,0,0,2,2946575.0,801.7786831295622,41.229
Mauritania,2008,0,0,0,2,3233336.0,1610.2369793316036,44.788
Mauritania,2012,0,0,0,2,3636113.0,1850.384967744795,48.4
Mauritania,2016,0,0,0,2,4051890.0,1579.2007167351162,51.962
Mauritania,2020,0,0,0,2,4498604.0,1836.292410985917,55.327
Mauritius,2000,0,0,0,20,1186873.0,3929.0817816602957,42.67
Mauritius,2004,0,0,0,9,1221003.0,5388.062452689715,42.223
Mauritius,2008,1,0,0,11,1244121.0,8030.052280875389,41.777
Mauritius,2012,0,0,0,11,1255882.0,9291.236276010564,41.332
Mauritius,2016,0,0,0,11,1263747.0,9965.725310852253,40.91
Mauritius,2020,0,0,0,8,1266014.0,9011.042884450251,40.76
Mexico,2000,6,0,0,78,97873442.0,7581.845641470032,74.722
Mexico,2004,4,0,0,109,103945813.0,7883.523190828494,75.997
Mexico,2008,3,0,0,83,109684489.0,10589.951874551743,77.222
Mexico,2012,7,0,0,99,115755909.0,10842.733088829616,78.405
Mexico,2016,5,0,0,123,121519221.0,9152.737223349384,79.577
Mexico,2020,4,0,0,161,125998302.0,8894.89065003646,80.731
Micronesia,2000,0,0,0,5,111709.0,2088.2095444413612,22.33
Micronesia,2004,0,0,0,5,111438.0,2155.781690267234,22.33
Micronesia,2008,0,0,0,5,108704.0,2420.749006476303,22.311
Micronesia,2012,0,0,0,6,108232.0,3023.5854460787937,22.324
Micronesia,2016,0,0,0,5,109925.0,3022.653627473277,22.526
Micronesia,2020,0,0,0,3,112106.0,3639.412698695877,22.933
Moldova,2000,2,0,1,34,2924668.0,440.53868398037315,44.589
Moldova,2004,0,0,1,33,2896023.0,897.1784947494684,42.99
Moldova,2008,1,0,1,29,2868833.0,2110.553053538568,42.682
Moldova,2012,2,0,1,20,2860324.0,3044.8084324814986,42.558
Moldova,2016,0,0,1,23,2803186.0,2847.6350688224506,42.511
Moldova,2020,1,0,1,20,2635130.0,4376.24249318341,42.849
Monaco,2000,0,0,0,4,32465.0,81763.82766884122,100.0
Monaco,2004,0,0,0,3,32236.0,125435.89430531175,100.0
Monaco,2008,0,0,0,5,31862.0,204097.11395802777,100.0
Monaco,2012,0,0,0,6,34700.0,165497.0978100438,100.0
Monaco,2016,0,0,0,3,37071.0,174412.49453612714,100.0
Monaco,2020,0,0,0,6,36922.0,182537.3873701089,100.0
Mongolia,2000,0,0,0,20,2450979.0,463.8538819031007,57.133
Mongolia,2004,1,0,0,20,2537949.0,784.9120719510045,61.443
Mongolia,2008,4,0,0,28,2633887.0,2134.9498319566783,65.581
Mongolia,2012,5,0,0,29,2792349.0,4402.3045226671165,68.03
Mongolia,2016,2,0,0,43,3029555.0,3690.756777598459,68.297
Mongolia,2020,4,0,0,43,3294335.0,4041.1741456436885,68.657
Montenegro,2008,0,0,0,19,616969.0,7367.751909108821,63.475
Montenegro,2012,1,0,0,33,620601.0,6586.399702566834,64.804
Montenegro,2016,0,0,0,35,622303.0,7033.439623983734,66.141
Montenegro,2020,0,0,0,35,621306.0,7677.371321068169,67.488
Morocco,2000,5,0,0,55,28554415.0,1506.5080269318946,53.335
Morocco,2004,3,0,0,55,30033125.0,2201.374164393705,54.644
Morocco,2008,2,0,0,47,31634992.0,3218.679712296529,56.886
Morocco,2012,1,0,0,63,33352169.0,3206.3099797536106,59.142
Morocco,2016,1,0,0,48,35107264.0,3178.058734651524,61.36
Morocco,2020,1,0,0,45,36688772.0,3307.6507727526014,63.532
Mozambique,2000,1,0,0,4,17768505.0,333.77513834821497,29.098
Mozambique,2004,0,0,0,4,19694411.0,403.0207131026995,29.818
Mozambique,2008,0,0,0,4,21845571.0,591.4398376061857,30.832
Mozambique,2012,0,0,0,6,24487611.0,681.4921285736897,32.846
Mozambique,2016,0,0,0,6,27696493.0,435.7609910096235,34.926
Mozambique,2020,0,0,0,10,31178239.0,456.58192899510453,37.074
Myanmar,2000,0,0,0,7,45538332.0,195.55099566638563,27.025
Myanmar,2004,0,0,0,2,47338446.0,223.22984697057652,27.76
Myanmar,2008,0,0,0,6,48729486.0,653.8660001859614,28.507
Myanmar,2012,0,0,0,6,50218185.0,1193.5476489600112,29.266
Myanmar,2016,0,0,0,7,51892349.0,1218.2170340784207,30.082
Myanmar,2020,0,0,0,2,53423198.0,1479.6136892536254,31.141
Namibia,2000,0,0,0,11,1819141.0,2156.0902452485816,32.373
Namibia,2004,0,0,0,8,1939406.0,3407.8506484841546,35.666
Namibia,2008,0,0,0,10,2038552.0,4222.326189125767,39.597
Namibia,2012,0,0,0,9,2167470.0,6017.1783654148385,43.693
Namibia,2016,0,0,0,10,2323352.0,4614.892074938967,47.961
Namibia,2020,1,0,0,11,2489098.0,4252.041720143522,52.033
Nauru,2000,0,0,0,2,10377.0,,100.0
Nauru,2004,0,0,0,3,10335.0,,100.0
Nauru,2008,0,0,0,1,10243.0,,100.0
Nauru,2012,0,0,0,2,10444.0,9675.95968504213,100.0
Nauru,2016,0,0,0,2,11437.0,8528.630150870446,100.0
Nauru,2020,0,0,0,2,12315.0,10124.700622094519,100.0
Nepal,2000,0,0,0,5,24559500.0,223.7118918506085,13.397
Nepal,2004,0,0,0,6,26003965.0,279.72420031790847,14.841
Nepal,2008,0,0,0,8,26881544.0,466.69337912271334,16.105
Nepal,2012,0,0,0,5,27330694.0,794.0925593576109,17.458
Nepal,2016,0,0,0,7,27861186.0,880.2248936398221,18.942
Nepal,2020,0,0,0,5,29348627.0,1139.1898920394094,20.576
Netherlands,2000,25,0,0,231,15925513.0,26214.498549887026,76.795
Netherlands,2004,22,0,0,210,16281779.0,40436.618231040666,81.514
Netherlands,2008,16,0,0,237,16445593.0,57879.943755391614,85.402
Netherlands,2012,20,0,0,173,16754962.0,50070.14160459039,88.588
Netherlands,2016,19,0,0,237,17030314.0,46039.10592840977,90.635
Netherlands,2020,35,0,0,276,17441500.0,52162.57011504062,92.236
Netherlands Antilles,2000,0,0,0,7,,,
Netherlands Antilles,2004,0,0,0,3,,,
Netherlands Antilles,2008,0,0,0,3,,,
New Zealand,2000,4,0,0,147,3857700.0,13641.102718382223,86.021
New Zealand,2004,5,0,0,148,4087500.0,25420.234882944096,86.281
New Zealand,2008,9,0,0,178,4259800.0,31252.962564067326,86.28
New Zealand,2012,13,0,0,178,4408100.0,39973.38075872235,86.161
New Zealand,2016,18,0,0,195,4714100.0,40058.19616214654,86.4
New Zealand,2020,20,0,0,220,5090200.0,41760.59478400044,86.699
Nicaragua,2000,0,0,0,6,5123222.0,996.8978519947409,55.185
Nicaragua,2004,0,0,0,5,5386223.0,1075.998562377629,55.782
Nicaragua,2008,0,0,0,6,5687744.0,1493.90485273615,56.525
Nicaragua,2012,0,0,0,6,6030607.0,1746.4212543525716,57.309
Nicaragua,2016,0,0,0,5,6389235.0,2079.451027358612,58.09
Nicaragua,2020,0,0,0,8,6755895.0,1876.6073782367694,59.012
Niger,2000,0,0,0,4,11622665.0,192.877725789359,16.186
Niger,2004,0,0,0,4,13366885.0,281.3253602120442,16.247
Niger,2008,0,0,0,4,15455175.0,472.1784273555854,16.229
Niger,2012,0,0,0,6,17954407.0,525.0472849140108,16.212
Niger,2016,1,0,0,6,20921743.0,497.0361208317252,16.29
Niger,2020,0,0,0,7,24333639.0,564.8416623175226,16.626
Nigeria,2000,3,0,0,83,122851984.0,563.0470862175616,34.84
Nigeria,2004,2,0,0,70,136756848.0,992.7453990867864,38.212
Nigeria,2008,4,0,0,74,152382506.0,2227.7903492267874,41.702
Nigeria,2012,0,0,0,49,170075932.0,2728.022788311288,45.246
Nigeria,2016,1,0,0,71,188666931.0,2144.780344426973,48.683
Nigeria,2020,2,0,0,53,208327405.0,2074.613746674217,51.958
Norway,2000,10,0,0,93,4490967.0,38178.236877707626,76.02
Norway,2004,6,0,0,52,4591910.0,57768.69809584617,77.399
Norway,2008,9,0,0,84,4768212.0,97503.54078037827,78.526
Norway,2012,4,0,0,61,5018573.0,102175.91929837366,79.874
Norway,2016,4,0,0,62,5234519.0,70867.36099707498,81.485
Norway,2020,8,0,0,93,5379475.0,68340.01810337012,82.974
Oman,2000,0,0,0,6,2344253.0,8321.39386651556,71.569
Oman,2004,0,0,0,2,2468855.0,10030.444426206563,71.827
Oman,2008,0,0,0,4,2651028.0,22974.27735043187,74.08
Oman,2012,0,0,0,3,3535579.0,24722.638824587375,77.564
Oman,2016,0,0,0,4,4398070.0,17082.20619989825,82.5
Oman,2020,0,0,0,5,4543399.0,16707.623006321435,86.276
Pakistan,2000,0,0,0,27,154369924.0,644.4571569817427,32.982
Pakistan,2004,0,0,0,26,170648620.0,774.7853357349916,33.781
Pakistan,2008,0,0,0,21,185931955.0,1087.5147770261115,34.59
Pakistan,2012,0,0,0,20,202205861.0,1236.89276298823,35.408
Pakistan,2016,0,0,0,7,213524840.0,1468.82208238833,36.234
Pakistan,2020,0,0,0,9,227196741.0,1322.3147853955397,37.165
Palau,2000,0,0,0,5,19726.0,7416.48078677887,70.338
Palau,2004,0,0,0,4,19907.0,8297.895212739237,70.383
Palau,2008,0,0,0,5,19102.0,10380.269081771543,73.389
Palau,2012,0,0,0,5,17946.0,11835.383929566477,76.194
Palau,2016,0,0,0,5,17816.0,16743.376740008982,78.775
Palau,2020,0,0,0,3,17972.0,14349.316819218784,80.988
"Palestine, Occupied Territories",2000,0,0,0,2,2922153.0,1476.1718500023783,71.969
"Palestine, Occupied Territories",2004,0,0,0,3,3236626.0,1422.1908864354423,72.845
"Palestine, Occupied Territories",2008,0,0,0,4,3591977.0,2035.2023412176636,73.704
"Palestine, Occupied Territories",2012,0,0,0,5,3979998.0,3067.438727356144,74.619
"Palestine, Occupied Territories",2016,0,0,0,6,4367088.0,3527.6138241317785,75.628
"Palestine, Occupied Territories",2020,0,0,0,5,4803269.0,3233.5686383585844,76.719
Panama,2000,0,0,0,6,3001731.0,4099.006539893148,62.198
Panama,2004,0,0,0,4,3243311.0,4629.029316029206,63.387
Panama,2008,1,0,0,5,3495276.0,7197.110786101011,64.56
Panama,2012,0,0,0,8,3754862.0,10767.293178817225,65.741
Panama,2016,0,0,0,10,4026336.0,14382.232381996932,67.027
Panama,2020,0,0,0,10,4294396.0,13293.333195168774,68.414
Papua New Guinea,2000,0,0,0,5,5508297.0,639.2791999186082,13.204
Papua New Guinea,2004,0,0,0,4,6293166.0,624.0353213254903,13.127
Papua New Guinea,2008,0,0,0,7,7137988.0,1635.0395658455716,13.055
Papua New Guinea,2012,0,0,0,8,8026545.0,2653.092789702755,12.982
Papua New Guinea,2016,0,0,0,8,8899169.0,2332.6758883467883,13.05
Papua New Guinea,2020,0,0,0,8,9749640.0,2446.084686606141,13.345
Paraguay,2000,0,0,0,5,5123819.0,1728.3407434100561,55.331
Paraguay,2004,1,0,0,22,5416324.0,1776.9322581686565,57.305
Paraguay,2008,0,0,0,7,5645148.0,4360.429108952609,58.612
Paraguay,2012,0,0,0,8,5923322.0,5617.104917867879,59.907
Paraguay,2016,0,0,0,11,6266615.0,5759.042197892499,61.026
Paraguay,2020,0,0,0,8,6618695.0,5353.348064562787,62.183
Peru,2000,0,0,0,21,26654439.0,1941.3182597170023,73.042
Peru,2004,0,0,0,12,27893911.0,2393.665897104522,74.644
Peru,2008,0,0,0,13,28806185.0,4184.885982487476,76.052
Peru,2012,0,0,0,16,29749589.0,6475.720442678486,76.804
Peru,2016,0,0,0,29,31132779.0,6163.86042474329,77.539
Peru,2020,0,0,0,34,33304756.0,6063.626922790456,78.297
Philippines,2000,0,0,0,20,77958223.0,1073.2644361933174,46.135
Philippines,2004,0,0,0,16,84607501.0,1122.8555218210665,45.795
Philippines,2008,0,0,0,15,91252326.0,1990.356128865811,45.455
Philippines,2012,0,0,0,11,98032317.0,2671.777521815607,45.712
Philippines,2016,1,0,0,13,104875266.0,3038.1520368446077,46.475
Philippines,2020,4,0,0,19,112190977.0,3224.42281121767,47.408
Poland,2000,14,0,0,187,38258629.0,4501.4799612123325,61.716
Poland,2004,10,0,0,194,38182222.0,6681.309750873876,61.564
Poland,2008,10,0,0,257,38125759.0,13995.781159811533,61.116
Poland,2012,10,0,0,210,38063164.0,13010.755586842466,60.654
Poland,2016,11,0,0,234,37970087.0,12378.811764178181,60.178
Poland,2020,14,0,0,214,37899070.0,15816.820402138204,60.043
Portugal,2000,2,0,0,61,10289898.0,11526.372066796775,54.399
Portugal,2004,3,0,0,81,10483861.0,18064.158093298738,56.907
Portugal,2008,2,0,0,77,10558177.0,24949.04135667398,59.359
Portugal,2012,1,0,0,76,10514844.0,20563.713601262843,61.763
Portugal,2016,1,0,0,90,10325452.0,19991.972487880532,64.086
Portugal,2020,5,0,0,93,10297081.0,22242.40641797195,66.31
Puerto Rico,2000,0,0,0,29,3810605.0,16192.12697196377,94.387
Puerto Rico,2004,0,0,0,43,3826878.0,20988.992332653404,94.168
Puerto Rico,2008,0,0,0,22,3760866.0,24898.334585704462,93.942
Puerto Rico,2012,2,0,0,25,3634488.0,27944.733893742392,93.726
Puerto Rico,2016,1,0,0,40,3406672.0,30627.16340170113,93.602
Puerto Rico,2020,1,0,0,37,3281557.0,31427.42911367988,93.581
Qatar,2000,1,0,0,17,645937.0,27494.7713320186,96.311
Qatar,2004,0,0,0,15,777943.0,40792.2764702117,97.09
Qatar,2008,0,0,0,20,1444277.0,79811.59773717576,98.139
Qatar,2012,2,0,0,12,1905660.0,98041.36223808916,98.697
Qatar,2016,1,0,0,37,2595166.0,58467.235571108744,99.015
Qatar,2020,3,0,0,15,2760385.0,52315.660078311535,99.235
Romania,2000,26,0,0,145,22442971.0,1659.9290491052766,53.004
Romania,2004,19,0,0,108,21451748.0,3494.990564489551,53.043
Romania,2008,8,0,0,101,20537875.0,10435.21798035415,53.567
Romania,2012,9,0,0,105,20058035.0,8930.72991164972,53.974
Romania,2016,4,0,0,95,19702267.0,9404.381259295238,53.9
Romania,2020,4,0,0,95,19265250.0,13047.45665639932,54.194
Russia,2000,89,0,1,435,146596869.0,1771.5940590582668,73.35
Russia,2004,90,0,1,446,144067316.0,4102.3648329256375,73.418
Russia,2008,72,0,1,454,142742366.0,11635.28463794071,73.598
Russia,2012,82,0,1,429,143201721.0,15420.859040363208,73.791
Russia,2016,56,0,1,284,144342397.0,8845.539338529483,74.164
Rwanda,2000,0,0,0,5,8109989.0,255.11196782577758,14.926
Rwanda,2004,0,0,0,5,8791853.0,270.3233079272174,16.908
Rwanda,2008,0,0,0,4,9781996.0,529.5675949977929,16.925
Rwanda,2012,0,0,0,7,10840334.0,706.2020035311357,16.943
Rwanda,2016,0,0,0,7,11930899.0,728.8696189134573,17.056
Rwanda,2020,0,0,0,5,13146362.0,773.7732608505074,17.432
Saint Kitts and Nevis,2000,0,0,0,2,45461.0,9275.989746022262,32.778
Saint Kitts and Nevis,2004,0,0,0,2,46580.0,10882.35294117647,32.17
Saint Kitts and Nevis,2008,0,0,0,4,47156.0,16491.885090621196,31.603
Saint Kitts and Nevis,2012,0,0,0,4,47727.0,17293.806052789427,31.062
Saint Kitts and Nevis,2016,0,0,0,6,47788.0,21079.52097070708,30.79
Saint Kitts and Nevis,2020,0,0,0,2,47642.0,18553.657137259834,30.843
Saint Lucia,2000,0,0,0,5,159500.0,5846.975502147912,27.774
Saint Lucia,2004,0,0,0,2,164239.0,6494.600348678876,24.133
Saint Lucia,2008,0,0,0,4,168576.0,8528.682084704287,20.131
Saint Lucia,2012,0,0,0,4,173124.0,9231.576254057265,18.45
Saint Lucia,2016,0,0,0,5,176413.0,10574.386577288862,18.558
Saint Lucia,2020,0,0,0,5,179237.0,8951.524765781842,18.841
Saint Vincent and the Grenadines,2000,0,0,0,4,113813.0,3760.080456863777,45.186
Saint Vincent and the Grenadines,2004,0,0,0,3,112608.0,4883.31366497216,46.656
Saint Vincent and the Grenadines,2008,0,0,0,2,110316.0,6641.495877835119,48.18
Saint Vincent and the Grenadines,2012,0,0,0,3,108083.0,6754.370183956708,49.754
Saint Vincent and the Grenadines,2016,0,0,0,4,105963.0,7684.792839988524,51.373
Saint Vincent and the Grenadines,2020,0,0,0,3,104632.0,8306.360493072014,53.032
Samoa,2000,0,0,0,5,184008.0,1406.7656830055705,21.977
Samoa,2004,0,0,0,3,188073.0,2168.028186379539,21.457
Samoa,2008,0,0,0,6,191787.0,3344.0545587801885,20.524
Samoa,2012,0,0,0,8,198124.0,3902.3119923156605,19.624
Samoa,2016,0,0,0,8,205544.0,4105.810905195097,18.681
Samoa,2020,0,0,0,8,214929.0,4042.72275154324,17.889
San Marino,2000,0,0,0,4,26823.0,37473.78698296127,93.44
San Marino,2004,0,0,0,5,29093.0,59249.64768157289,94.155
San Marino,2008,0,0,0,4,30700.0,77962.14398758697,95.264
San Marino,2012,0,0,0,4,33132.0,48433.57029956839,96.171
San Marino,2016,0,0,0,4,33834.0,43398.428525722644,96.91
San Marino,2020,3,0,0,5,34007.0,45321.48922261623,97.499
Sao Tome and Principe,2000,0,0,0,2,143714.0,,53.424
Sao Tome and Principe,2004,0,0,0,2,157697.0,726.5977407076989,57.972
Sao Tome and Principe,2008,0,0,0,3,174004.0,1080.556567684536,62.68
Sao Tome and Principe,2012,0,0,0,2,189924.0,1207.7007023999388,67.16
Sao Tome and Principe,2016,0,0,0,3,204632.0,1428.257907839072,71.092
Sao Tome and Principe,2020,0,0,0,3,218641.0,2155.265867825083,74.354
Saudi Arabia,2000,2,0,0,18,21547390.0,8795.260596418731,79.848
Saudi Arabia,2004,0,0,0,16,23661808.0,10935.016589983656,80.754
Saudi Arabia,2008,0,0,0,14,27437353.0,18944.857349436297,81.649
Saudi Arabia,2012,1,0,0,18,30821543.0,24069.20331481315,82.52
Saudi Arabia,2016,0,0,0,10,33416270.0,19930.407543815993,83.401
Saudi Arabia,2020,1,0,0,33,35997107.0,20398.06098709513,84.287
Senegal,2000,0,0,0,26,9704287.0,619.6421235249175,40.32
Senegal,2004,0,0,0,15,10698691.0,941.8737924685927,41.306
Senegal,2008,0,0,0,15,11872929.0,1419.5309032461998,42.947
Senegal,2012,0,0,0,31,13231833.0,1334.7259152623449,44.603
Senegal,2016,0,0,0,22,14751356.0,1290.749971269516,46.296
Senegal,2020,0,0,0,9,16436120.0,1492.4759029352306,48.122
Serbia,2000,3,0,0,109,7516346.0,914.7857198858608,52.769
Serbia,2004,2,0,0,85,7463157.0,3502.802923895665,53.661
Serbia,2008,3,0,0,87,7350222.0,7101.040141168621,54.55
Serbia,2012,4,0,0,116,7199077.0,6015.945227569688,55.356
Serbia,2016,8,0,0,103,7058322.0,5765.203352480094,55.81
Serbia,2020,9,0,0,87,6899126.0,7733.80346893763,56.446
Seychelles,2000,0,0,0,9,81131.0,8063.655005751685,50.433
Seychelles,2004,0,0,0,9,82475.0,10827.671636032956,51.388
Seychelles,2008,0,0,0,9,86956.0,11265.43762700047,52.619
Seychelles,2012,0,0,0,6,88303.0,12342.51028245133,54.12
Seychelles,2016,0,0,0,10,94677.0,15409.80463372107,55.831
Seychelles,2020,0,0,0,5,98462.0,12020.021064316996,57.546
Sierra Leone,2000,0,0,0,3,4584067.0,138.71394161532717,35.626
Sierra Leone,2004,0,0,0,2,5533329.0,258.47316880396414,36.596
Sierra Leone,2008,0,0,0,3,6090860.0,402.5534054635257,38.077
Sierra Leone,2012,0,0,0,2,6788587.0,558.1797233151258,39.642
Sierra Leone,2016,0,0,0,4,7493913.0,515.4478396028377,41.228
Sierra Leone,2020,0,0,0,4,8233970.0,493.432240551423,42.923
Singapore,2000,0,0,0,14,4027887.0,23852.838951475278,100.0
Singapore,2004,0,0,0,16,4166664.0,27608.08001342297,100.0
Singapore,2008,1,0,0,25,4839396.0,40008.572048909205,100.0
Singapore,2012,2,0,0,23,5312437.0,55547.555307778515,100.0
Singapore,2016,1,0,0,25,5607283.0,56895.65831278518,100.0
Singapore,2020,0,0,0,23,5685807.0,61273.99165944553,100.0
Slovakia,2000,5,0,0,108,5388720.0,5426.624281193066,56.233
Slovakia,2004,6,0,0,64,5372280.0,10691.4465495259,55.713
Slovakia,2008,6,0,0,57,5379233.0,18753.584941381607,55.111
Slovakia,2012,4,0,0,47,5407579.0,17498.353900259357,54.28
Slovakia,2016,4,0,0,51,5430798.0,16563.44049712289,53.806
Slovakia,2020,4,0,0,41,5458827.0,19552.091109591125,53.76
Slovenia,2000,2,0,0,74,1988925.0,10201.303536672674,50.754
Slovenia,2004,4,0,0,79,1997012.0,17233.138561127926,51.308
Slovenia,2008,5,0,0,61,2021316.0,27595.599965399222,52.209
Slovenia,2012,4,0,0,65,2057159.0,22641.805122502974,53.108
Slovenia,2016,4,0,0,63,2065042.0,21678.359467062946,54.02
Slovenia,2020,5,0,0,53,2102419.0,25558.429054450564,55.118
Solomon Islands,2000,0,0,0,2,429978.0,976.428268952486,15.813
Solomon Islands,2004,0,0,0,2,471785.0,991.9885510390898,17.413
Solomon Islands,2008,0,0,0,3,516001.0,1504.5274947046576,19.138
Solomon Islands,2012,0,0,0,4,567763.0,2087.517887314989,20.97
Solomon Islands,2016,0,0,0,3,628102.0,2196.283890555037,22.823
Solomon Islands,2020,0,0,0,3,691191.0,2222.4621185317374,24.67
Somalia,2000,0,0,0,2,8721465.0,,33.247
Somalia,2004,0,0,0,2,10117354.0,,35.531
Somalia,2008,0,0,0,2,11444870.0,,36.011
Somalia,2012,0,0,0,2,12440326.0,,41.558
Somalia,2016,0,0,0,2,14292847.0,517.0975815056503,43.816
Somalia,2020,0,0,0,2,16537016.0,556.5780660292685,46.141
South Africa,2000,5,0,0,127,46813266.0,3241.661396051901,56.891
South Africa,2004,6,0,0,106,48556071.0,5268.27857621703,58.993
South Africa,2008,1,0,0,134,50565812.0,6251.877426912654,61.154
South Africa,2012,6,0,0,124,53145033.0,8173.869138171595,63.272
South Africa,2016,10,0,0,135,56422274.0,5735.066787178429,65.341
South Africa,2020,3,0,0,180,58801927.0,5753.066494333698,67.354
South Sudan,2016,0,0,0,3,11066105.0,,19.092
South Sudan,2020,0,0,0,2,10606227.0,,20.199
Spain,2000,11,0,0,321,40567864.0,14749.68742487657,76.262
Spain,2004,20,0,0,316,42921895.0,24907.000850585697,77.022
Spain,2008,18,0,0,283,45954106.0,35510.72223127005,77.976
Spain,2012,17,0,0,278,46773055.0,28322.94659232757,78.902
Spain,2016,17,0,0,307,46484062.0,26537.159489454254,79.84
Spain,2020,17,0,0,334,47365655.0,26984.296277027945,80.81
Sri Lanka,2000,1,0,0,18,18776371.0,869.753488572238,18.38
Sri Lanka,2004,0,0,0,7,19490431.0,1060.1369431644944,18.319
Sri Lanka,2008,0,0,0,8,20285643.0,2007.0266550096194,18.257
Sri Lanka,2012,0,0,0,7,21017147.0,3351.8924757645077,18.196
Sri Lanka,2016,0,0,0,9,21425494.0,4107.829775399144,18.311
Sri Lanka,2020,0,0,0,9,21919000.0,3852.3890910219397,18.713
Sudan,2000,0,0,0,3,26298773.0,466.07874623251814,32.495
Sudan,2004,0,0,0,4,28831550.0,924.1961410583857,32.707
Sudan,2008,1,0,0,9,32065241.0,2021.911616293266,32.919
Sudan,2012,0,0,0,6,35159792.0,1797.400917080539,33.346
Sudan,2016,0,0,0,6,39377169.0,2614.294329629766,34.121
Sudan,2020,0,0,0,5,44440486.0,608.3325405127208,35.253
Suriname,2000,0,0,0,4,478998.0,1978.4466108354732,66.444
Suriname,2004,0,0,0,4,510572.0,2906.725277542188,66.737
Suriname,2008,0,0,0,4,533938.0,6616.815125741902,66.479
Suriname,2012,0,0,0,5,558111.0,8922.956186135016,66.208
Suriname,2016,0,0,0,6,581453.0,5705.399487317428,66.04
Suriname,2020,0,0,0,3,607065.0,4796.5333138992855,66.149
Swaziland,2000,0,0,0,6,1030496.0,1686.6575322622018,22.686
Swaziland,2004,0,0,0,3,1065764.0,2599.152149541662,22.166
Swaziland,2008,0,0,0,4,1089870.0,3022.456177480415,22.045
Swaziland,2012,0,0,0,3,1111444.0,4396.579120435883,22.849
Swaziland,2016,0,0,0,2,1142524.0,3339.990401221865,23.459
Swaziland,2020,0,0,0,4,1180655.0,3372.904610197187,24.171
Sweden,2000,12,0,0,150,8872109.0,29624.91267486175,84.026
Sweden,2004,7,0,0,115,8993531.0,42821.673142335865,84.258
Sweden,2008,5,0,0,123,9219637.0,56152.55234031405,84.746
Sweden,2012,8,0,0,133,9519374.0,58037.82131921721,85.62
Sweden,2016,11,0,0,150,9923085.0,51965.157153198525,86.852
Sweden,2020,9,0,0,136,10353442.0,52837.90397781491,87.977
Switzerland,2000,9,0,0,102,7184250.0,38865.021939688064,73.383
Switzerland,2004,5,0,0,98,7389625.0,54659.457148823385,73.452
Switzerland,2008,7,0,0,83,7647675.0,74175.19278985547,73.556
Switzerland,2012,4,0,0,98,7996861.0,85836.20767673591,73.653
Switzerland,2016,7,0,0,102,8373338.0,82153.07454478883,73.739
Switzerland,2020,13,0,0,113,8638167.0,85897.78433383227,73.915
Syria,2000,0,0,0,8,16307654.0,4941.852597051354,51.947
Syria,2004,1,0,0,6,18084007.0,6241.058232129528,53.417
Syria,2008,0,0,0,7,21474059.0,10155.973667031696,54.875
Syria,2012,0,0,0,10,22605577.0,1910.604539426828,53.555
Syria,2016,0,0,0,7,18964252.0,664.3416723883018,52.835
Syria,2020,1,0,0,6,20772595.0,537.0902346114436,55.475
Taiwan,2000,5,0,0,55,,,
Taiwan,2004,5,0,0,88,,,
Taiwan,2008,4,0,0,79,,,
Taiwan,2012,2,0,0,44,,,
Taiwan,2016,3,0,0,55,,,
Taiwan,2020,12,0,0,68,,,
Tajikistan,2000,0,0,1,4,6272998.0,137.1819092344198,26.501
Tajikistan,2004,0,0,1,9,6801204.0,305.2660435501685,26.508
Tajikistan,2008,2,0,1,15,7324627.0,704.6501788113892,26.516
Tajikistan,2012,1,0,1,16,7956382.0,959.36021750698,26.545
Tajikistan,2016,1,0,1,7,8725318.0,801.393839959779,26.851
Tajikistan,2020,0,0,1,10,9543207.0,852.3302295622686,27.506
Tanzania,2000,0,0,0,4,34463704.0,388.12908429241674,22.309
Tanzania,2004,0,0,0,8,38360879.0,434.78661273378276,24.223
Tanzania,2008,0,0,0,9,42870884.0,651.9068139095803,26.776
Tanzania,2012,0,0,0,6,47786137.0,829.7468021516095,29.493
Tanzania,2016,0,0,0,7,54401802.0,914.9404531573016,32.333
Tanzania,2020,0,0,0,3,61704518.0,1070.7277186099063,35.227
Thailand,2000,3,0,0,52,63066603.0,2004.107058910308,31.386
Thailand,2004,8,0,0,42,65311166.0,2647.2607326388566,36.169
Thailand,2008,4,0,0,47,67328239.0,4327.797470403926,41.242
Thailand,2012,3,0,0,37,69157023.0,5748.632720621577,45.445
Thailand,2016,6,0,0,54,70607037.0,5854.463907719396,48.448
Thailand,2020,2,0,0,40,71475664.0,7001.785460233892,51.43
Togo,2000,0,0,0,3,5008035.0,297.8995067470216,32.907
Togo,2004,0,0,0,3,5565218.0,406.09235885260205,34.724
Togo,2008,1,0,0,4,6222482.0,735.8554211497726,36.587
Togo,2012,0,0,0,6,6926635.0,781.5543404768707,38.546
Togo,2016,0,0,0,5,7661354.0,792.440550873266,40.628
Togo,2020,0,0,0,4,8442580.0,886.6995115081942,42.8
Tonga,2000,0,0,0,3,102603.0,1996.5155775804315,23.012
Tonga,2004,0,0,0,5,105036.0,2195.9863973430347,23.127
Tonga,2008,0,0,0,3,106932.0,3221.080519168855,23.281
Tonga,2012,0,0,0,3,107502.0,4378.571528275372,23.435
Tonga,2016,0,0,0,7,105707.0,3978.437685614841,23.222
Tonga,2020,0,0,0,6,105254.0,4605.970841191366,23.099
Trinidad and Tobago,2000,2,0,0,19,1332203.0,6120.942703897063,55.905
Trinidad and Tobago,2004,1,0,0,19,1361172.0,9756.500371029819,55.155
Trinidad and Tobago,2008,2,0,0,28,1392803.0,20011.14827404974,54.402
Trinidad and Tobago,2012,4,0,0,25,1430377.0,19110.053895080597,53.671
Trinidad and Tobago,2016,1,0,0,28,1469330.0,16139.105257595027,53.25
Trinidad and Tobago,2020,0,0,0,33,1518147.0,13705.900228570948,53.214
Tunisia,2000,0,0,0,47,9893316.0,2170.508670781182,63.432
Tunisia,2004,0,0,0,54,10292225.0,3029.848768506285,64.95
Tunisia,2008,1,0,0,26,10680380.0,4200.172643877755,66.093
Tunisia,2012,3,0,0,83,11174383.0,4233.916254049401,67.218
Tunisia,2016,3,0,0,61,11685667.0,3796.109599943897,68.346
Tunisia,2020,2,0,0,63,12161723.0,3497.7190265899167,69.568
Turkey,2000,5,0,0,57,64113547.0,4278.263112849504,64.741
Turkey,2004,11,0,0,64,67785075.0,6031.791367352341,67.225
Turkey,2008,7,0,0,67,71051678.0,10843.5036940489,69.651
Turkey,2012,5,0,0,112,75175827.0,11713.284983113908,71.974
Turkey,2016,8,0,0,100,79277962.0,10970.04589488616,74.134
Turkey,2020,13,0,0,105,83384680.0,8638.73913259299,76.105
Turkmenistan,2000,0,0,1,8,4569132.0,635.7144663324457,45.913
Turkmenistan,2004,0,0,1,9,4819792.0,1418.8062655954614,46.812
Turkmenistan,2008,0,0,1,10,5100083.0,3778.668539082187,47.868
Turkmenistan,2012,0,0,1,10,5458682.0,6441.886617743221,49.175
Turkmenistan,2016,0,0,1,9,5868561.0,6163.253405976116,50.728
Turkmenistan,2020,1,0,1,9,6250438.0,7330.366287930542,52.516
Tuvalu,2008,0,0,0,3,10272.0,3103.0407766629673,52.765
Tuvalu,2012,0,0,0,3,10854.0,3624.984288960365,56.815
Tuvalu,2016,0,0,0,1,10852.0,3836.073002510026,60.645
Tuvalu,2020,0,0,0,2,11069.0,4674.911402552561,64.014
Uganda,2000,0,0,0,13,24020697.0,257.82960573945337,14.786
Uganda,2004,0,0,0,11,27146084.0,292.47266558866613,16.507
Uganda,2008,0,0,0,11,30509862.0,473.30283343152126,18.384
Uganda,2012,1,0,0,15,34273295.0,796.7111394100772,20.424
Uganda,2016,0,0,0,21,38748299.0,753.6844055080353,22.624
Uganda,2020,4,0,0,25,44404611.0,846.881199214917,24.954
Ukraine,2000,23,0,1,230,49176500.0,658.3446144972518,67.145
Ukraine,2004,22,0,1,239,47451626.0,1416.6038096211203,67.597
Ukraine,2008,27,0,1,243,46258189.0,4066.5316720357346,68.325
Ukraine,2012,20,0,1,230,45593342.0,4004.789862255524,68.782
Ukraine,2016,11,0,1,204,45004673.0,2074.3594649365036,69.154
Ukraine,2020,19,0,1,152,44132049.0,3548.8432003993744,69.608
United Arab Emirates,2000,0,0,0,4,3275333.0,31855.500604717443,80.236
United Arab Emirates,2004,1,0,0,4,3993339.0,37017.7363654691,81.871
United Arab Emirates,2008,0,0,0,8,6988685.0,45140.769077243865,83.387
United Arab Emirates,2012,0,0,0,26,8664969.0,44386.78607898459,84.749
United Arab Emirates,2016,1,0,0,12,8994263.0,41054.5395699204,85.965
United Arab Emirates,2020,0,0,0,5,9287289.0,37629.174168795544,87.048
United Kingdom,2000,28,0,0,310,58892514.0,28280.926786098993,78.651
United Kingdom,2004,30,0,0,264,59987905.0,40366.88866509674,79.629
United Kingdom,2008,48,0,0,304,61806995.0,47396.12020784832,80.757
United Kingdom,2012,65,1,0,530,63700215.0,42497.34049743223,81.837
United Kingdom,2016,67,0,0,360,65611593.0,40985.23513824165,82.886
United Kingdom,2020,64,0,0,381,67081234.0,40217.00901169856,83.903
United States,2000,91,0,0,586,282162411.0,36329.95607271019,79.057
United States,2004,101,0,0,533,292805298.0,41724.6316287624,79.757
United States,2008,110,0,0,588,304093966.0,48570.045980458555,80.438
United States,2012,103,0,0,529,313877662.0,51784.41857388373,81.119
United States,2016,121,0,0,555,323071755.0,57866.74493410914,81.862
United States,2020,107,0,0,627,331511512.0,63528.63430275085,82.664
Uruguay,2000,1,0,0,15,3292224.0,6932.478133963364,92.028
Uruguay,2004,0,0,0,15,3313801.0,4130.100114677707,93.078
Uruguay,2008,0,0,0,12,3336126.0,9328.06570819933,93.998
Uruguay,2012,0,0,0,27,3371133.0,16087.252077797315,94.739
Uruguay,2016,0,0,0,17,3413766.0,16837.940380304917,95.144
Uruguay,2020,0,0,0,11,3429086.0,15650.499303244509,95.515
Uzbekistan,2000,4,0,1,70,24650400.0,558.2268023769999,46.126
Uzbekistan,2004,5,0,1,69,25864350.0,465.1198869440252,48.054
Uzbekistan,2008,6,0,1,56,27302800.0,1082.2860250169874,49.989
Uzbekistan,2012,3,0,1,53,29774500.0,2267.6232753551158,51.05
Uzbekistan,2016,13,0,1,70,31847900.0,2704.677188528955,50.65
Uzbekistan,2020,5,0,1,67,34232050.0,1759.3074705367776,50.416
Vanuatu,2000,0,0,0,3,192074.0,1416.1970273710238,21.673
Vanuatu,2004,0,0,0,2,212422.0,1718.2630289217595,22.809
Vanuatu,2008,0,0,0,3,233952.0,2525.0839035438976,23.985
Vanuatu,2012,0,0,0,5,257313.0,2906.342461308185,24.661
Vanuatu,2016,0,0,0,4,283218.0,2757.2033059338637,25.062
Vanuatu,2020,0,0,0,3,311685.0,2917.7568490893273,25.525
Venezuela,2000,0,0,0,50,24427729.0,4795.634747817163,87.559
Venezuela,2004,2,0,0,48,26226927.0,4287.631578986132,87.928
Venezuela,2008,1,0,0,108,27933833.0,11310.778170352703,88.031
Venezuela,2012,1,0,0,68,29470426.0,12937.927597234835,88.123
Venezuela,2016,3,0,0,85,30741464.0,,88.165
Venezuela,2020,4,0,0,43,28490453.0,,88.279
Vietnam,2000,1,0,0,7,79001142.0,394.58313657435735,24.374
Vietnam,2004,0,0,0,11,82311227.0,551.9035051349119,26.683
Vietnam,2008,1,0,0,13,85597241.0,1158.1016273541736,29.128
Vietnam,2012,0,0,0,18,89301326.0,2190.232439877197,31.752
Vietnam,2016,2,0,0,22,93126529.0,2760.7171011171476,34.51
Vietnam,2020,0,0,0,18,96648685.0,3586.3471762476233,37.34
Virgin Islands,2000,0,0,0,9,108642.0,,92.586
Virgin Islands,2004,0,0,0,6,108466.0,35006.36144045139,93.461
Virgin Islands,2008,0,0,0,7,108397.0,39152.3750657306,94.239
Virgin Islands,2012,0,0,0,7,108188.0,37795.319259067546,94.919
Virgin Islands,2016,0,0,0,7,107516.0,35324.97488745861,95.48
Virgin Islands,2020,0,0,0,4,106290.0,39411.0452535516,95.939
Yemen,2000,0,0,0,2,18628700.0,519.5916392548235,26.267
Yemen,2004,0,0,0,3,20733406.0,668.8546190373786,28.39
Yemen,2008,0,0,0,5,23329004.0,1153.5364221845048,30.619
Yemen,2012,0,0,0,4,26223391.0,1349.9906098944869,32.958
Yemen,2016,0,0,0,3,29274002.0,1069.8169981407837,35.394
Yemen,2020,0,0,0,5,32284046.0,,37.908
Zambia,2000,0,0,0,8,9891136.0,364.0261453703741,34.802
Zambia,2004,0,0,0,6,11188040.0,556.0500516136356,36.43
Zambia,2008,0,0,0,8,12852966.0,1393.519490980121,38.371
Zambia,2012,0,0,0,7,14744658.0,1729.6474709705712,40.354
Zambia,2016,0,0,0,7,16767761.0,1249.9231434840524,42.438
Zambia,2020,0,0,0,30,18927715.0,956.8317289870331,44.629
Zimbabwe,2000,0,0,0,16,11834676.0,565.2843897036133,33.758
Zimbabwe,2004,3,0,0,12,12160881.0,477.3994910401639,34.294
Zimbabwe,2008,4,0,0,13,12550347.0,351.83910054439133,33.56
Zimbabwe,2012,0,0,0,7,13265331.0,1290.1939574670243,32.834
Zimbabwe,2016,0,0,0,30,14452704.0,1421.7877914056774,32.296
Zimbabwe,2020,0,0,0,5,15669666.0,1372.6966743682858,32.242
